{"seed": 0, "max_wall": "-0.1", "numAgents": 1, "min_wall": -1, "tensorboard": true, "width": 20, "visibleRad": 1, "finalstate": ["9-14"], "batch_size": {"value": 1000, "disabled": false}, "epsmin": 0.0001, "initstate": ["0-6"], "version": "DQN.random.0", "walls": ["0-4", "1-2", "2-1", "3-0", "0-9", "5-4", "5-5", "5-14", "7-11", "8-16", "1-13", "5-2", "7-1", "9-2", "9-8", "2-14", "2-7", "4-1", "9-12", "9-13", "8-15", "7-18", "1-19", "0-18", "1-15", "4-10", "5-8", "7-4", "5-17", "4-18", "3-18", "2-18", "0-15", "5-16", "2-8", "6-8", "6-10", "5-19", "0-2", "2-3", "9-5", "3-6", "5-0", "7-0", "8-4", "3-5", "4-2", "6-2", "7-3", "7-5", "8-6", "8-8", "5-3", "6-3", "6-11", "4-13", "3-13", "7-10", "6-15", "4-15", "5-6", "6-4", "9-3", "9-11", "7-14", "6-14", "6-9", "8-10", "7-15", "6-16", "6-5", "8-3", "6-7", "5-7", "3-7", "1-7", "1-4", "5-9", "4-14", "3-16", "1-17", "1-16", "0-17", "0-16", "1-9", "0-12", "1-11", "4-9", "3-11"], "normal_reward": -0.04, "comments": "", "done_reward": 10, "edge_value": -1, "savefreq": 1000, "alg": "DQN", "saveweights": true, "variance": {"value": 0.03, "disabled": true}, "pos": {"value": 0.05, "disabled": true}, "iterations": 10000, "po": {"value": false, "disabled": true}, "health": "25", "walls_values": [-0.5357894837275884, -0.7595397667806464, -0.23029628932624724, -0.44605409972558063, -0.37799367740779344, -0.995350607387274, -0.18204497951387988, -0.2753809679233423, -0.11499781310653756, -0.8146090540115235, -0.7915733928994071, -0.2119180979835964, -0.5294261628063595, -0.6067320947242946, -0.795297153939757, -0.40109342550916316, -0.9636963070719262, -0.529491262315753, -0.10739458910645228, -0.4295373493411947, -0.8315636640977844, -0.3005624693746072, -0.4243111177499791, -0.6268005427100947, -0.4224508809742109, -0.38917200488490544, -0.9432399576884252, -0.9877538254484597, -0.6240857772732362, -0.6729044746878904, -0.14825865092150192, -0.7322274685573091, -0.8568667534582527, -0.1602387025719424, -0.9555505804019176, -0.15832669243371456, -0.43922402977747577, -0.360419774929969, -0.668369375632776, -0.3014282081912133, -0.36133265016518823, -0.23938854741672866, -0.24751563624306516, -0.8633408723480034, -0.43207244532197164, -0.9320999837966993, -0.9750700754223214, -0.9920310405029701, -0.8585430670100617, -0.3654466801224101, -0.3872499733084558, -0.7853595330852818, -0.7694530322150727, -0.4858520103559363, -0.13723512467813492, -0.7682968411261608, -0.7159372890742127, -0.9833842980790695, -0.8896036246555064, -0.48706772160493617, -0.7864986626401826, -0.2943063666514082, -0.5924889233294031, -0.27919812011355183, -0.8129022369858439, -0.9220005110559714, -0.9858712867049354, -0.7890444562079468, -0.841138544748924, -0.7085400893307781, -0.7696013929981644, -0.7028609101335279, -0.6256813707241448, -0.33968943736389523, -0.1787906172608208, -0.4528322804191153, -0.7991378111849681, -0.6636701953354495, -0.20465512674706143, -0.6551960366039442, -0.5876684114134378, -0.43527131079857406, -0.16577382254214923, -0.6373276650541125, -0.6122226228998124, -0.8058323623024439, -0.9104047506855227, -0.4561437248242546, -0.7881697026381725], "height": 10, "epsmax": "0.7", "numwalls": {"value": 15, "disabled": true}}