{"edge_value": -1, "height": 10, "alg": "DQN", "numAgents": 1, "finalstate": [0, 9], "epsmin": 0.0001, "variance": 0.03, "version": "DQN.comp.0", "done_reward": 10.0, "iterations": 5000, "savefreq": 500, "pos": 0.05, "min_wall": -1.0, "max_wall": -1.0, "batch_size": 1000, "seed": 0, "walls": [[0, 4], [0, 5], [1, 4], [2, 4], [3, 4], [4, 4], [5, 4], [5, 5], [4, 5], [3, 5], [2, 5], [1, 5]], "po": false, "numwalls": "15", "health": 20, "width": 11, "epsmax": 0.6, "saveweights": false, "visibleRad": 1, "initstate": [0, 0], "tensorboard": true, "walls_values": [-0.1523223338898787, -0.013167156267160585, -0.13024348663688678, -0.9815497403373996, -0.7735890912415557, -0.054390918235368235, -0.5111176659546637, -0.6108452430411953, -0.8877188749797447, -0.4149365492505559, -0.012374150224179203, -0.5185429299223223, -0.9901758430176384, -0.44946327329415203, -1.0, -1.0, -1.0, -1.0, -1.0, -1.0, -1.0, -1.0, -1.0, -1.0, -1.0, -1.0, -1.0, -1.0, -1.0, -1.0, -1.0, -1.0, -1.0, -1.0, -1.0, -1.0, -1.0, -1.0, -1.0, -1.0, -1.0, -1.0, -1.0], "normal_reward": -0.04}