{"batch_size": 1000, "tensorboard": true, "normal_reward": -0.04, "walls": [[2, 3], [3, 2], [3, 3], [8, 3], [7, 3], [7, 2], [3, 7], [4, 7], [5, 7], [6, 7], [7, 7], [8, 6], [2, 6], [5, 4]], "variance": 0.03, "finalstate": [5, 9], "done_reward": 10.0, "walls_values": [-0.18646472474531717, -0.1523223338898787, -0.013167156267160585, -0.13024348663688678, -0.9815497403373996, -0.7735890912415557, -0.054390918235368235, -0.5111176659546637, -0.6108452430411953, -0.8877188749797447, -0.4149365492505559, -0.012374150224179203, -0.5185429299223223, -0.9901758430176384, -0.44946327329415203], "epsmin": 0.0001, "savefreq": 500, "max_wall": -1.0, "initstate": [5, 0], "numAgents": 1, "visibleRad": 1, "iterations": 8000, "epsmax": 0.6, "pos": 0.05, "width": 11, "height": 10, "alg": "DQN", "edge_value": -1, "numwalls": "15", "health": 20, "min_wall": -1.0, "po": false, "version": "DQN.smile.0", "saveweights": true}