{"iterations": 300, "saveweights": true, "min_wall": -1, "normal_reward": -0.04, "edge_value": -1, "initstate": ["9-9"], "done_reward": 10, "walls": ["8-1", "7-1", "7-2", "7-3", "7-4", "7-5", "7-6", "7-7", "7-8", "6-8", "5-8", "5-7", "5-6", "5-5", "5-4", "5-3", "5-2", "5-1", "4-1", "3-1", "3-2", "3-3", "3-4", "3-5", "3-6", "3-7", "3-8", "2-8", "1-8", "1-7", "1-6", "1-5", "1-4", "1-3", "1-2", "1-1", "1-0"], "max_wall": -1, "version": "GA.test.0", "finalstate": ["2-7"], "comments": "GA testGA testGA testGA testGA testGA testGA testGA testGA test", "savefreq": 20, "seed": 0, "tensorboard": true, "batch_size": {"disabled": true, "value": 1000}, "epsmin": 0.0001, "alg": "GA", "visibleRad": 1, "pos": {"disabled": false, "value": 0.05}, "po": {"disabled": true, "value": false}, "numwalls": {"disabled": true, "value": 15}, "width": 10, "variance": {"disabled": false, "value": 0.03}, "walls_values": [-0.8425747832777494, -0.8427245083512811, 0.31744346828373127, 0.3041351096975493, -0.4147794784646508, -0.7360866252757663, 0.47442472722638707, 0.08249207080017085, -0.38297423744500936, -0.7425492447778596, -0.39423433281962106, -0.7773179263509332, -0.5660858074480382, -0.4518662345273865, 0.03512823337364335, -0.40027334483106536, -0.6334250137537271, -0.7321219816445291, 0.42659864592441554, 0.4122758841528569, -1, -1, -1, -1, -1, -1, -1, -1, -1, -1, -1, -1, -1, -1, -1, -1, -1, -1, -1, -1, -1, -1, -1, -1, -1, -1, -1, -1, -1, -1, -1, -1, -1, -1, -1, -1, -1, -1], "height": 10, "numAgents": 100, "health": 20, "epsmax": 0.6}