{"iterations": 200000, "saveweights": true, "min_wall": -1, "normal_reward": -0.04, "edge_value": -1, "initstate": ["3-0"], "done_reward": 10, "walls": ["1-0", "1-1", "1-2", "0-2", "0-3", "0-4", "0-5", "1-5", "2-5", "3-5", "3-4", "4-4", "4-3", "5-4", "5-5", "5-6", "4-7", "4-8", "3-8", "3-9", "2-9", "2-10", "2-11", "1-11", "1-12", "1-13", "1-14", "1-15", "2-15", "2-14", "3-14", "3-13", "3-12", "4-11", "4-10", "5-9", "5-8", "6-8", "6-7", "7-7", "7-6", "7-5", "8-5", "8-4", "9-4", "9-9", "9-10", "8-11", "8-12", "7-13", "7-14", "6-14", "6-15", "6-16", "5-16", "5-17", "5-18", "5-19"], "max_wall": 0.5, "version": "RWB.test.0", "finalstate": ["9-19"], "comments": "RWB testRWB testRWB testRWB testRWB testRWB testRWB testRWB testRWB test", "savefreq": 10000, "seed": 0, "tensorboard": true, "batch_size": {"disabled": true, "value": 1000}, "epsmin": 0.0001, "alg": "RWB", "visibleRad": 1, "pos": {"disabled": true, "value": 0.05}, "po": {"disabled": false, "value": true}, "numwalls": {"disabled": false, "value": 15}, "width": 20, "variance": {"disabled": true, "value": 0.03}, "walls_values": [-0.8815696706321529, 0.03779160012344662, -0.16028347630684447, -0.445677987683726, -0.8510347990845734, 0.3416265792143127, -0.1463557918481765, -0.6904812592949953, 0.2633568255693888, -0.7825133011311841, 0.21556787050467463, -0.6428204467817195, 0.1586170575387531, -0.5691741408798147, 0.3388999021922592, 0.17540146057277384, -0.003537978479946746, -0.6147437445192284, -0.7165520444818974, 0.2548903801076077, -0.613188688429084, -0.5591587654286515, 0.3448635205204087, 0.18679780806349333, -0.890557067254944, 0.45358269649052385, 0.138922829461134, 0.4253383492095988, 0.4895999686055734, 0.3849718355219447, 0.08204114446430566, -0.3437648003175722, -0.7192589095268356, 0.024771738061549087, -0.7003493852573199, -0.5988465219070576, 0.18165607680065743, -0.5527647573934023, -0.8425747832777494, -0.8427245083512811, 0.31744346828373127, 0.3041351096975493, -0.4147794784646508, -0.7360866252757663, 0.47442472722638707, 0.08249207080017085, -0.38297423744500936, -0.7425492447778596, -0.39423433281962106, -0.7773179263509332, -0.5660858074480382, -0.4518662345273865, 0.03512823337364335, -0.40027334483106536, -0.6334250137537271, -0.7321219816445291, 0.42659864592441554, 0.4122758841528569], "height": 10, "numAgents": 1, "health": 1, "epsmax": 0.6}